id;name;bangla_name;photo;photo_content_type;father_name;mother_name;marital_status;spouse_name;date_of_birth;national_id;birth_registration;height;gender;blood_group;emergency_contact
1;Shoal Credit Card Account;Applications ivory mobile;../fake-data/blob/hipster.png;image/png;Senegal Corporate efficient;Vatu supply-chains;SINGLE;transition;2020-11-27;bluetooth;generate Money Market Account Global;30735;FEMALE;O_POSITIVE;bus
2;mobile;Jewelery Tasty Mali;../fake-data/blob/hipster.png;image/png;Progressive;Granite Malagasy Ariary;MARRIED;forecast Supervisor generating;2020-11-27;Marketing;Sleek Wooden Hat panel;5892;MALE;B_POSITIVE;Home Loan Account Place
3;Cayman Islands Dollar;Specialist Meadows connect;../fake-data/blob/hipster.png;image/png;non-volatile;Barbados Dollar Applications;MARRIED;transparent;2020-11-26;Checking Account SDD;orchid;42717;MALE;A_NEGATIVE;invoice
4;support Hills Berkshire;Greenland Small;../fake-data/blob/hipster.png;image/png;Auto Loan Account hacking;Soft;MARRIED;Web info-mediaries;2020-11-26;explicit hack virtual;24/365 Rubber California;93727;FEMALE;B_NEGATIVE;well-modulated Iceland multi-byte
5;Handcrafted Research B2B;generate Avon 3rd generation;../fake-data/blob/hipster.png;image/png;Global incentivize;Clothing bus;MARRIED;application;2020-11-27;application capacitor synthesize;input;82063;OTHERS;O_NEGATIVE;Rubber River Baby
6;compressing payment De-engineered;invoice invoice;../fake-data/blob/hipster.png;image/png;reintermediate navigate action-items;optical reciprocal;SINGLE;Concrete schemas Identity;2020-11-27;Intranet;Fresh;46950;MALE;B_POSITIVE;solution Wooden
7;multi-byte Savings Account invoice;24/7 Awesome;../fake-data/blob/hipster.png;image/png;integrate payment user-centric;Georgia;MARRIED;budgetary management Division;2020-11-27;capacitor vortals;Myanmar hacking infrastructure;80183;FEMALE;AB_NEGATIVE;lavender
8;Rustic Steel Bacon;XSS back up Tasty;../fake-data/blob/hipster.png;image/png;Gardens;olive;MARRIED;Buckinghamshire Chair;2020-11-27;olive primary;reciprocal;3932;FEMALE;AB_NEGATIVE;navigate Jordanian Dinar
9;Soft Steel;Associate;../fake-data/blob/hipster.png;image/png;superstructure;Dalasi Pants Web;SINGLE;parsing New Taiwan Dollar;2020-11-27;SSL Universal;hardware Burundi;82277;FEMALE;B_POSITIVE;schemas Dominican Republic deposit
10;digital virtual array;Cotton full-range Frozen;../fake-data/blob/hipster.png;image/png;Refined Program;Massachusetts redundant;MARRIED;Web Credit Card Account reboot;2020-11-27;magenta;Licensed Mouse application;66671;MALE;A_POSITIVE;index
